-- phpMyAdmin SQL Dump
-- version 5.2.0
-- https://www.phpmyadmin.net/
--
-- Host: 127.0.0.1
-- Generation Time: Aug 10, 2025 at 01:00 AM
-- Server version: 10.4.27-MariaDB
-- PHP Version: 7.4.33

SET SQL_MODE = "NO_AUTO_VALUE_ON_ZERO";
START TRANSACTION;
SET time_zone = "+00:00";


/*!40101 SET @OLD_CHARACTER_SET_CLIENT=@@CHARACTER_SET_CLIENT */;
/*!40101 SET @OLD_CHARACTER_SET_RESULTS=@@CHARACTER_SET_RESULTS */;
/*!40101 SET @OLD_COLLATION_CONNECTION=@@COLLATION_CONNECTION */;
/*!40101 SET NAMES utf8mb4 */;

--
-- Database: `clustering_java`
--

-- --------------------------------------------------------

--
-- Table structure for table `cluster_result`
--

CREATE TABLE `cluster_result` (
  `id_result` int(11) NOT NULL,
  `id_produk` int(11) NOT NULL,
  `cluster` int(11) DEFAULT NULL,
  `dist_c1` double DEFAULT NULL,
  `dist_c2` double DEFAULT NULL,
  `dist_c3` double DEFAULT NULL
) ENGINE=InnoDB DEFAULT CHARSET=utf8mb4 COLLATE=utf8mb4_general_ci;

--
-- Dumping data for table `cluster_result`
--

INSERT INTO `cluster_result` (`id_result`, `id_produk`, `cluster`, `dist_c1`, `dist_c2`, `dist_c3`) VALUES
(1, 1, 0, 41.94775011382834, 328.63669712670116, 247.23088797206478),
(2, 2, 1, 401.05263213150994, 114.36395080532, 690.2307705273942),
(3, 3, 2, 271.9474272967045, 558.6365598231773, 17.232472872509533),
(4, 4, 1, 421.0532489798105, 134.36433025100692, 710.2310737508616),
(5, 5, 2, 361.9475108102243, 648.6363644167675, 72.76968704117806),
(6, 6, 2, 250.9479093622746, 537.6364136140721, 38.23350884008498),
(7, 7, 2, 268.9475130806079, 555.636654141553, 20.233664972635435),
(8, 8, 2, 368.94799312958594, 655.6370784956774, 79.77268453690677),
(9, 9, 0, 140.94742040406257, 427.63639670782953, 148.2307804578656),
(10, 10, 0, 104.94846129927711, 391.6371170172968, 184.2315674063327),
(11, 11, 1, 269.0526324026028, 17.638402529754575, 558.2307708339958),
(12, 12, 0, 36.05330925217882, 250.6363729102778, 325.2308074603355),
(13, 13, 2, 479.9474193269087, 766.6363666682837, 190.76929594446773),
(14, 14, 2, 149.9479595783732, 436.63638353396504, 139.23122869664948),
(15, 15, 0, 25.05264042458936, 261.63650108183896, 314.2307720789003),
(16, 16, 2, 236.94758592662276, 523.6363646030619, 52.23140491852884),
(17, 17, 1, 215.05384038869892, 71.63766510700547, 504.23119816035273),
(18, 18, 2, 441.94774762900306, 728.6368808624036, 152.77058103245554),
(19, 19, 0, 62.05274965392099, 224.63642659393548, 351.230773968968),
(20, 20, 1, 233.05374702580968, 53.638101859353476, 522.2311833762252),
(21, 21, 0, 85.94782109011548, 372.63679680717354, 203.2310575101316),
(22, 22, 1, 307.0534782028276, 20.36821427844283, 596.2311319754165),
(23, 23, 0, 109.0534444188362, 177.63641254535474, 398.2309298709948),
(24, 24, 1, 353.05336789459676, 66.36504123668657, 642.2311059937202),
(25, 25, 2, 310.9473919841063, 597.6363873005222, 21.76930721650067),
(26, 26, 0, 139.05326905308283, 147.6364224837545, 428.2309186172378),
(27, 27, 2, 453.94738456140317, 740.6363827315128, 164.76924086942432),
(28, 28, 1, 258.0528312954776, 28.63638131312585, 547.230829904735),
(29, 29, 2, 154.9482445091079, 441.63642447789545, 134.2315495348711),
(30, 30, 0, 32.94737514713229, 319.636476141515, 256.2307727235988),
(31, 31, 0, 113.94758283679836, 400.636369438084, 175.23084018537097),
(32, 32, 2, 235.94794375171998, 522.6364150484644, 53.232736874482924),
(33, 33, 1, 351.0531809354181, 64.364491680244, 640.2310121280698),
(34, 34, 0, 75.05381264295487, 211.63640468798414, 364.2309448663374),
(35, 35, 0, 34.05599958940044, 252.63753152433773, 323.2312241649126),
(36, 36, 1, 262.05278004456636, 24.64291467748189, 551.2308755152434),
(37, 37, 2, 162.94780905693173, 449.63686011166203, 126.23154414284254),
(38, 38, 0, 58.951778265501176, 345.6366333806513, 230.2317086323327),
(39, 39, 0, 16.055055037083125, 270.6369600643869, 305.23096117491644),
(40, 40, 0, 35.059206353517276, 251.63822619022986, 324.23161896503314),
(41, 41, 2, 239.94758320720922, 526.636364597555, 49.23144365523626),
(42, 42, 2, 306.947810672196, 593.6364088994832, 17.775124314015258),
(43, 43, 1, 189.05283737241177, 97.63801685158677, 478.2308917391363),
(44, 44, 1, 394.0526394873921, 107.36426766422049, 683.2307840511492),
(45, 45, 2, 168.94789309641433, 455.6363827042367, 120.23130130548151),
(46, 46, 1, 394.0526722107773, 107.3646571616471, 683.2308121979618),
(47, 47, 2, 166.94938739072538, 453.6366753733671, 122.23311762521118),
(48, 48, 1, 188.05301338951037, 98.63862680688081, 477.2309742008438),
(49, 49, 1, 308.05347545452594, 21.368000037903293, 597.2311313680391),
(50, 50, 2, 298.9474219792391, 585.6365507782433, 9.772235304178654),
(51, 51, 2, 318.94789386790137, 605.6369859068608, 29.7761592513761),
(52, 52, 0, 128.0533238132154, 158.63641840322055, 417.2309225557071),
(53, 53, 2, 319.94737816122785, 606.636475365438, 30.76955985400936),
(54, 54, 1, 151.0548629947048, 135.6374062383765, 440.2314212719805),
(55, 55, 2, 197.9477311461992, 484.6368242567003, 91.23184142903483),
(56, 56, 1, 321.05270767902465, 34.363704004262445, 610.2307896057363),
(57, 57, 2, 354.94784057532434, 641.6369509934456, 65.77236710920417),
(58, 58, 0, 35.059206353517276, 251.63822619022986, 324.23161896503314),
(59, 59, 1, 196.05289445408025, 90.63636922130009, 485.2308376573046),
(60, 60, 0, 114.94739553209625, 401.6365323932729, 174.23082734758756),
(61, 61, 2, 294.947500328683, 581.6366411555506, 5.779376975492381),
(62, 62, 1, 368.0526321810533, 81.36407833805809, 657.2307705924986),
(63, 63, 1, 170.05376565456118, 116.63683562931494, 459.23110786290835),
(64, 64, 2, 395.9474301265544, 682.6363670413685, 106.76934722061921),
(65, 65, 2, 303.94766005909906, 590.6363783459497, 14.7735615645576),
(66, 66, 1, 262.0539178201222, 24.642103071808876, 551.2312899721666),
(67, 67, 1, 295.0531995788513, 8.408576151320874, 584.2311223096114);

-- --------------------------------------------------------

--
-- Table structure for table `kategori_produk`
--

CREATE TABLE `kategori_produk` (
  `id_kategori` int(11) NOT NULL,
  `nama_kategori` varchar(100) NOT NULL
) ENGINE=InnoDB DEFAULT CHARSET=utf8mb4 COLLATE=utf8mb4_general_ci;

--
-- Dumping data for table `kategori_produk`
--

INSERT INTO `kategori_produk` (`id_kategori`, `nama_kategori`) VALUES
(1, 'Kopi Espresso Based'),
(2, 'Kopi Susu dan Manis'),
(3, 'Teh dan Minuman Non-Kopi'),
(4, 'Kopi Spesial & Rasa');

-- --------------------------------------------------------

--
-- Table structure for table `penjualan`
--

CREATE TABLE `penjualan` (
  `id_penjualan` int(11) NOT NULL,
  `id_produk` int(11) NOT NULL,
  `tanggal` date NOT NULL,
  `qty` int(11) NOT NULL,
  `total` decimal(15,2) NOT NULL
) ENGINE=InnoDB DEFAULT CHARSET=utf8mb4 COLLATE=utf8mb4_general_ci;

--
-- Dumping data for table `penjualan`
--

INSERT INTO `penjualan` (`id_penjualan`, `id_produk`, `tanggal`, `qty`, `total`) VALUES
(1, 1, '2025-08-09', 560, '15257200.00'),
(2, 2, '2025-08-09', 116, '3022380.00'),
(3, 3, '2025-08-09', 790, '24758600.00'),
(4, 4, '2025-08-09', 97, '3000210.00'),
(5, 5, '2025-08-09', 880, '17290240.00'),
(6, 6, '2025-08-09', 769, '13527479.00'),
(7, 7, '2025-08-09', 787, '20148774.00'),
(8, 8, '2025-08-09', 887, '18980026.00'),
(9, 9, '2025-08-09', 659, '19464224.00'),
(10, 10, '2025-08-09', 623, '19974626.00'),
(11, 11, '2025-08-09', 249, '8268543.00'),
(12, 12, '2025-08-09', 482, '12781676.00'),
(13, 13, '2025-08-09', 998, '38008830.00'),
(14, 14, '2025-08-09', 668, '10545048.00'),
(15, 15, '2025-08-09', 493, '18102960.00'),
(16, 16, '2025-08-09', 755, '21568840.00'),
(17, 17, '2025-08-09', 303, '8247660.00'),
(18, 18, '2025-08-09', 960, '33110400.00'),
(19, 19, '2025-08-09', 456, '10600176.00'),
(20, 20, '2025-08-09', 285, '6049695.00'),
(21, 21, '2025-08-09', 604, '14355268.00'),
(22, 22, '2025-08-09', 211, '8286392.00'),
(23, 23, '2025-08-09', 409, '12966936.00'),
(24, 24, '2025-08-09', 165, '6497205.00'),
(25, 25, '2025-08-09', 829, '14626047.00'),
(26, 26, '2025-08-09', 379, '9337423.00'),
(27, 27, '2025-08-09', 972, '19712160.00'),
(28, 28, '2025-08-09', 260, '4121000.00'),
(29, 29, '2025-08-09', 673, '13390681.00'),
(30, 30, '2025-08-09', 551, '21735297.00'),
(31, 31, '2025-08-09', 632, '12181168.00'),
(32, 32, '2025-08-09', 754, '21730280.00'),
(33, 33, '2025-08-09', 167, '2821465.00'),
(34, 34, '2025-08-09', 443, '6889979.00'),
(35, 35, '2025-08-09', 484, '8131684.00'),
(36, 36, '2025-08-09', 256, '9445632.00'),
(37, 37, '2025-08-09', 681, '20735088.00'),
(38, 38, '2025-08-09', 577, '12403769.00'),
(39, 39, '2025-08-09', 502, '11220704.00'),
(40, 40, '2025-08-09', 483, '10037706.00'),
(41, 41, '2025-08-09', 758, '20291660.00'),
(42, 42, '2025-08-09', 825, '30183450.00'),
(43, 43, '2025-08-09', 329, '11766356.00'),
(44, 44, '2025-08-09', 124, '4312844.00'),
(45, 45, '2025-08-09', 687, '13495428.00'),
(46, 46, '2025-08-09', 124, '4385136.00'),
(47, 47, '2025-08-09', 685, '13091720.00'),
(48, 48, '2025-08-09', 330, '10385430.00'),
(49, 49, '2025-08-09', 210, '4167240.00'),
(50, 50, '2025-08-09', 817, '30157921.00'),
(51, 51, '2025-08-09', 837, '23706351.00'),
(52, 52, '2025-08-09', 390, '12956190.00'),
(53, 53, '2025-08-09', 838, '18330412.00'),
(54, 54, '2025-08-09', 367, '10759706.00'),
(55, 55, '2025-08-09', 716, '21447780.00'),
(56, 56, '2025-08-09', 197, '5326880.00'),
(57, 57, '2025-08-09', 873, '24498999.00'),
(58, 58, '2025-08-09', 483, '14423829.00'),
(59, 59, '2025-08-09', 322, '10318168.00'),
(60, 60, '2025-08-09', 633, '19940766.00'),
(61, 61, '2025-08-09', 813, '19065663.00'),
(62, 62, '2025-08-09', 150, '3844200.00'),
(63, 63, '2025-08-09', 348, '9956628.00'),
(64, 64, '2025-08-09', 914, '27600972.00'),
(65, 65, '2025-08-09', 822, '13690410.00'),
(66, 66, '2025-08-09', 256, '9027328.00'),
(67, 67, '2025-08-09', 223, '4700840.00'),
(68, 2, '2025-08-09', 1, '26055.00');

-- --------------------------------------------------------

--
-- Table structure for table `produk`
--

CREATE TABLE `produk` (
  `id_produk` int(11) NOT NULL,
  `id_kategori` int(11) DEFAULT NULL,
  `nama_produk` varchar(255) NOT NULL,
  `harga` decimal(15,2) DEFAULT 0.00,
  `stok` int(11) DEFAULT 0,
  `rating` double DEFAULT NULL
) ENGINE=InnoDB DEFAULT CHARSET=utf8mb4 COLLATE=utf8mb4_general_ci;

--
-- Dumping data for table `produk`
--

INSERT INTO `produk` (`id_produk`, `id_kategori`, `nama_produk`, `harga`, `stok`, `rating`) VALUES
(1, 2, 'Kopi Kenangan Mantan', '27245.00', 165, 4),
(2, 4, 'Avocado Coffee', '26055.00', 165, 4.2),
(3, 4, 'Caramel Macchiato', '31340.00', 110, 4),
(4, 4, 'Hazelnut Latte', '30930.00', 118, 4.9),
(5, 1, 'Americano', '19648.00', 169, 4.5),
(6, 1, 'Cappuccino', '17591.00', 11, 4.7),
(7, 1, 'Espresso', '25602.00', 169, 3.9),
(8, 4, 'Vanilla Latte', '21398.00', 179, 3.5),
(9, 4, 'Chocolate', '29536.00', 161, 4.3),
(10, 4, 'Matcha Latte', '32062.00', 110, 3.7),
(11, 4, 'Milo Dinosaur', '33207.00', 124, 4.2),
(12, 2, 'Kopi Susu Gula Aren', '26518.00', 53, 4.4),
(13, 1, 'Black Coffee', '38085.00', 54, 4.4),
(14, 4, 'Taro Latte', '15786.00', 162, 4.6),
(15, 4, 'Strawberry Latte', '36720.00', 88, 4.2),
(16, 4, 'Mocha Latte', '28568.00', 11, 4.5),
(17, 2, 'Es Kopi Kenangan', '27220.00', 46, 4.9),
(18, 3, 'Thai Tea', '34490.00', 23, 3.6),
(19, 3, 'Green Tea', '23246.00', 156, 4.3),
(20, 4, 'Red Velvet', '21227.00', 196, 4.9),
(21, 2, 'Es Kopi Hitam Manis', '23767.00', 94, 3.9),
(22, 4, 'Kopi Pandan', '39272.00', 26, 4.9),
(23, 2, 'Es Kopi Regal', '31704.00', 168, 4.6),
(24, 4, 'Brown Sugar Latte', '39377.00', 11, 4.9),
(25, 1, 'Double Espresso', '17643.00', 71, 4.3),
(26, 4, 'Salted Caramel', '24637.00', 197, 4.6),
(27, 2, 'Kopi Milo', '20280.00', 30, 4.3),
(28, 4, 'Kopi Matcha', '15850.00', 60, 4.5),
(29, 4, 'Latte Dalgona', '19897.00', 125, 4.7),
(30, 4, 'Dalgona Coffee', '39447.00', 181, 4.2),
(31, 1, 'Cold Brew', '19274.00', 26, 4.4),
(32, 4, 'Creamy Latte', '28820.00', 55, 4.7),
(33, 4, 'Nutty Coffee', '16895.00', 28, 4.8),
(34, 3, 'Honey Lemon', '15553.00', 50, 4.6),
(35, 3, 'Lemon Tea', '16801.00', 48, 3.7),
(36, 3, 'Lychee Tea', '36897.00', 108, 3.9),
(37, 3, 'Yakult Tea', '30448.00', 69, 3.8),
(38, 3, 'Mango Tea', '21497.00', 129, 4.9),
(39, 3, 'Susu Cincau', '22352.00', 182, 3.9),
(40, 4, 'Kopi Jahe', '20782.00', 75, 3.5),
(41, 4, 'Kopi Kacang', '26770.00', 98, 4.5),
(42, 1, 'Affogato', '36586.00', 161, 4.7),
(43, 3, 'Susu Kurma', '35764.00', 89, 3.9),
(44, 3, 'Susu Madu', '34781.00', 172, 4.1),
(45, 2, 'Es Kopi Alpukat', '19644.00', 137, 4.6),
(46, 4, 'Mocca Float', '35364.00', 144, 4),
(47, 2, 'Es Kopi Susu', '19112.00', 69, 5),
(48, 4, 'Kopi Rempah', '31471.00', 128, 3.8),
(49, 4, 'Kopi Luwak', '19844.00', 181, 4.9),
(50, 4, 'Choco Hazelnut', '36913.00', 14, 4),
(51, 4, 'Choco Mint', '28323.00', 27, 3.6),
(52, 4, 'Choco Avocado', '33221.00', 64, 4.6),
(53, 4, 'Coconut Coffee', '21874.00', 186, 4.1),
(54, 4, 'Oreo Latte', '29318.00', 61, 5),
(55, 4, 'Pandan Latte', '29955.00', 199, 3.8),
(56, 4, 'Cokelat Kurma', '27040.00', 161, 4.4),
(57, 4, 'Ice Matcha', '28063.00', 76, 3.6),
(58, 2, 'Es Kopi Cokelat', '29863.00', 101, 3.5),
(59, 3, 'Raspberry Tea', '32044.00', 194, 4.5),
(60, 4, 'Sakura Latte', '31502.00', 48, 4.1),
(61, 3, 'Yuzu Tea', '23451.00', 49, 3.9),
(62, 4, 'Choco Banana', '25628.00', 41, 4.2),
(63, 2, 'Kopi Susu Lite', '28611.00', 161, 4.8),
(64, 4, 'Choco Caramel', '30198.00', 62, 4.4),
(65, 2, 'Es Kopi Butter', '16655.00', 134, 4.6),
(66, 4, 'Tiramisu Latte', '35263.00', 10, 5),
(67, 4, 'Kopi Tarik', '21080.00', 182, 3.6);

-- --------------------------------------------------------

--
-- Table structure for table `users`
--

CREATE TABLE `users` (
  `id_user` int(11) NOT NULL,
  `username` varchar(100) NOT NULL,
  `password` varchar(255) NOT NULL,
  `full_name` varchar(150) DEFAULT NULL,
  `role` enum('admin','user') DEFAULT 'user',
  `created_at` timestamp NOT NULL DEFAULT current_timestamp()
) ENGINE=InnoDB DEFAULT CHARSET=utf8mb4 COLLATE=utf8mb4_general_ci;

--
-- Dumping data for table `users`
--

INSERT INTO `users` (`id_user`, `username`, `password`, `full_name`, `role`, `created_at`) VALUES
(1, 'admin', 'admin', 'Administrator', 'admin', '2025-08-09 00:32:54');

--
-- Indexes for dumped tables
--

--
-- Indexes for table `cluster_result`
--
ALTER TABLE `cluster_result`
  ADD PRIMARY KEY (`id_result`),
  ADD KEY `id_produk` (`id_produk`);

--
-- Indexes for table `kategori_produk`
--
ALTER TABLE `kategori_produk`
  ADD PRIMARY KEY (`id_kategori`);

--
-- Indexes for table `penjualan`
--
ALTER TABLE `penjualan`
  ADD PRIMARY KEY (`id_penjualan`),
  ADD KEY `id_produk` (`id_produk`);

--
-- Indexes for table `produk`
--
ALTER TABLE `produk`
  ADD PRIMARY KEY (`id_produk`),
  ADD KEY `id_kategori` (`id_kategori`);

--
-- Indexes for table `users`
--
ALTER TABLE `users`
  ADD PRIMARY KEY (`id_user`),
  ADD UNIQUE KEY `username` (`username`);

--
-- AUTO_INCREMENT for dumped tables
--

--
-- AUTO_INCREMENT for table `cluster_result`
--
ALTER TABLE `cluster_result`
  MODIFY `id_result` int(11) NOT NULL AUTO_INCREMENT, AUTO_INCREMENT=68;

--
-- AUTO_INCREMENT for table `kategori_produk`
--
ALTER TABLE `kategori_produk`
  MODIFY `id_kategori` int(11) NOT NULL AUTO_INCREMENT, AUTO_INCREMENT=5;

--
-- AUTO_INCREMENT for table `penjualan`
--
ALTER TABLE `penjualan`
  MODIFY `id_penjualan` int(11) NOT NULL AUTO_INCREMENT, AUTO_INCREMENT=69;

--
-- AUTO_INCREMENT for table `produk`
--
ALTER TABLE `produk`
  MODIFY `id_produk` int(11) NOT NULL AUTO_INCREMENT, AUTO_INCREMENT=69;

--
-- AUTO_INCREMENT for table `users`
--
ALTER TABLE `users`
  MODIFY `id_user` int(11) NOT NULL AUTO_INCREMENT, AUTO_INCREMENT=2;

--
-- Constraints for dumped tables
--

--
-- Constraints for table `cluster_result`
--
ALTER TABLE `cluster_result`
  ADD CONSTRAINT `cluster_result_ibfk_1` FOREIGN KEY (`id_produk`) REFERENCES `produk` (`id_produk`);

--
-- Constraints for table `penjualan`
--
ALTER TABLE `penjualan`
  ADD CONSTRAINT `penjualan_ibfk_1` FOREIGN KEY (`id_produk`) REFERENCES `produk` (`id_produk`);

--
-- Constraints for table `produk`
--
ALTER TABLE `produk`
  ADD CONSTRAINT `produk_ibfk_1` FOREIGN KEY (`id_kategori`) REFERENCES `kategori_produk` (`id_kategori`);
COMMIT;

/*!40101 SET CHARACTER_SET_CLIENT=@OLD_CHARACTER_SET_CLIENT */;
/*!40101 SET CHARACTER_SET_RESULTS=@OLD_CHARACTER_SET_RESULTS */;
/*!40101 SET COLLATION_CONNECTION=@OLD_COLLATION_CONNECTION */;
